Model,Precision,Recall,mAP50,mAP50_95,Inference_Time_Mean,FPS_Mean
yolov8n,0.93372,0.86964,0.86592,0.51773,0.152411,6.760593
yolov8s,0.98642,0.89689,0.91157,0.54696,0.309766,3.254703
